dataset,format,model,method,temperature,num_tasks,num_samples_per_task,pass@1,pass@3,pass@5,pass@10,cover@0.1,cover@0.3,cover@0.5,cover@0.7,cover@0.1_distinct,cover@0.3_distinct,cover@0.5_distinct,cover@0.7_distinct,structural_diversity
mbpp,mbpp_jsonl,Qwen/Qwen-7B,pless_norm,1.0,257,10,0.4109,0.5384,0.5776,0.6187,61.87,52.92,45.14,35.41,38.13,7.78,0.39,0.0,0.2436
mbpp,mbpp_jsonl,Qwen/Qwen-7B,pless,1.0,257,10,0.4051,0.5334,0.5751,0.6148,61.48,54.09,42.8,34.24,38.13,6.23,0.0,0.0,0.1997
mbpp,mbpp_jsonl,Qwen/Qwen-7B,temp,0.7,257,10,0.3276,0.5101,0.5798,0.6498,64.98,48.64,33.07,23.35,62.65,38.91,19.46,5.06,0.6226
mbpp,mbpp_jsonl,Qwen/Qwen2.5-7B,pless_norm,1.0,257,10,0.6529,0.7559,0.7811,0.8093,80.93,75.1,70.04,62.26,80.93,40.08,14.01,3.11,0.2451
mbpp,mbpp_jsonl,Qwen/Qwen2.5-7B,pless,1.0,257,10,0.6564,0.7538,0.781,0.8093,80.93,74.32,69.65,62.26,80.93,36.58,14.79,2.33,0.2545
mbpp,mbpp_jsonl,Qwen/Qwen2.5-Coder-7B-Instruct,pless_norm,1.0,257,10,0.8358,0.8538,0.8594,0.8638,86.38,85.21,84.05,82.88,86.38,5.06,0.39,0.0,0.0596
mbpp,mbpp_jsonl,Qwen/Qwen2.5-Coder-7B-Instruct,pless,1.0,257,10,0.8389,0.8525,0.8557,0.8599,85.99,85.21,84.82,83.27,85.99,5.45,0.78,0.0,0.0637
mbpp,mbpp_jsonl,meta-llama/Llama-2-7b-chat-hf,pless_norm,1.0,257,10,0.2903,0.312,0.318,0.323,32.3,31.52,29.96,27.63,32.3,0.0,0.0,0.0,0.0166
mbpp,mbpp_jsonl,meta-llama/Llama-2-7b-chat-hf,pless,1.0,257,10,0.2856,0.308,0.3181,0.3307,33.07,30.35,28.4,26.85,33.07,0.0,0.0,0.0,0.0112
mbpp,mbpp_jsonl,meta-llama/Llama-2-7b-chat-hf,temp,0.7,257,10,0.2732,0.3523,0.3832,0.428,42.8,32.68,28.4,24.12,42.8,10.51,1.56,0.39,0.1567
mbpp,mbpp_jsonl,meta-llama/Llama-2-7b-hf,pless_norm,1.0,257,10,0.3175,0.437,0.4815,0.5292,52.92,42.02,33.07,23.35,49.42,33.46,15.95,4.67,0.4658
mbpp,mbpp_jsonl,meta-llama/Llama-2-7b-hf,pless,1.0,257,10,0.3152,0.4384,0.4875,0.5331,53.31,41.63,31.52,23.35,51.36,33.46,15.56,6.23,0.4855
mbpp,mbpp_jsonl,meta-llama/Llama-2-7b-hf,temp,0.7,257,10,0.2257,0.3774,0.4452,0.5292,52.92,35.02,21.01,14.01,49.81,31.91,16.34,3.5,0.6044
mbpp,mbpp_jsonl,Qwen/Qwen-7B,beam4,1.0,500,1,0.398,0.398,0.398,0.398,39.8,39.8,39.8,39.8,39.8,39.8,39.8,39.8,0.0
mbpp,mbpp_jsonl,Qwen/Qwen-7B,beam8,1.0,500,1,0.396,0.396,0.396,0.396,39.6,39.6,39.6,39.6,39.6,39.6,39.6,39.6,0.0
mbpp,mbpp_jsonl,Qwen/Qwen-7B,greedy,1.0,500,1,0.368,0.368,0.368,0.368,36.8,36.8,36.8,36.8,36.8,36.8,36.8,36.8,0.0
mbpp,mbpp_jsonl,Qwen/Qwen-7B,pless,0.6,43,10,0.1279,0.2343,0.2817,0.3256,32.56,20.93,11.63,4.65,32.56,2.33,0.0,0.0,0.0396
mbpp,mbpp_jsonl,Qwen/Qwen-7B,pless,0.6,500,10,0.3142,0.3601,0.3727,0.382,38.2,36.2,32.6,27.8,38.2,2.6,0.0,0.0,0.0547
mbpp,mbpp_jsonl,Qwen/Qwen-7B,pless_norm,0.6,500,10,0.3134,0.359,0.3721,0.382,38.2,35.6,32.8,28.6,38.2,2.2,0.0,0.0,0.0538
mbpp,mbpp_jsonl,Qwen/Qwen-7B,pless_norm,0.6,500,10,0.3554,0.3888,0.3981,0.404,40.4,39.4,35.8,33.6,40.4,3.0,0.0,0.0,0.0654
mbpp,mbpp_jsonl,Qwen/Qwen-7B,pless_norm,0.7,500,10,0.3534,0.3994,0.4157,0.428,42.8,40.4,35.2,32.6,42.8,4.8,0.4,0.0,0.0809
mbpp,mbpp_jsonl,Qwen/Qwen-7B,pless_norm,1.0,500,10,0.357,0.4378,0.4699,0.502,50.2,42.6,35.8,30.6,50.2,15.0,3.0,0.6,0.1657
mbpp,mbpp_jsonl,Qwen/Qwen-7B,pless,0.6,500,10,0.1396,0.2144,0.2467,0.282,28.2,19.6,14.0,9.0,24.6,4.2,0.6,0.0,0.2282
mbpp,mbpp_jsonl,Qwen/Qwen-7B,pless,0.6,500,10,0.3536,0.3869,0.3962,0.404,40.4,38.6,36.8,32.8,40.4,2.8,0.2,0.0,0.0656
mbpp,mbpp_jsonl,Qwen/Qwen-7B,pless,0.7,500,10,0.3618,0.4042,0.4174,0.428,42.8,40.4,37.0,34.4,42.8,4.8,0.8,0.2,0.0754
mbpp,mbpp_jsonl,Qwen/Qwen-7B,pless,1.0,500,10,0.3502,0.4304,0.4581,0.486,48.6,41.8,37.4,29.6,48.4,13.6,3.0,0.4,0.1666
mbpp,mbpp_jsonl,Qwen/Qwen-7B,temp,0.7,500,10,0.0972,0.2239,0.3007,0.398,39.8,16.0,3.6,0.6,36.4,6.2,0.6,0.2,0.4062
mbpp,mbpp_jsonl,Qwen/Qwen-7B,temp,0.1,499,10,0.3633,0.4063,0.4238,0.4469,44.69,39.68,36.67,34.27,44.69,5.01,0.2,0.0,0.0745
mbpp,mbpp_jsonl,Qwen/Qwen-7B,temp,0.7,499,10,0.298,0.4469,0.5087,0.5812,58.12,41.68,29.86,21.44,58.12,35.67,17.64,3.81,0.3975
mbpp,mbpp_jsonl,Qwen/Qwen-7B,top_k,1.0,499,10,0.2485,0.4073,0.4813,0.5772,57.72,34.67,24.45,15.83,57.72,32.26,15.23,3.21,0.4257
mbpp,mbpp_jsonl,Qwen/Qwen-7B,top_p,1.0,499,10,0.2912,0.4375,0.5035,0.5872,58.72,39.28,28.66,21.04,58.72,33.07,15.23,5.01,0.4166
mbpp,mbpp_jsonl,Qwen/Qwen-7B,top_p,1.0,499,10,0.2745,0.4231,0.4859,0.5591,55.91,38.28,27.86,19.04,55.91,33.87,15.83,4.61,0.4284
mbpp,mbpp_jsonl,Qwen/Qwen-7B-Chat,beam4,1.0,500,1,0.36,0.36,0.36,0.36,36.0,36.0,36.0,36.0,36.0,36.0,36.0,36.0,0.0
mbpp,mbpp_jsonl,Qwen/Qwen-7B-Chat,beam8,1.0,500,1,0.362,0.362,0.362,0.362,36.2,36.2,36.2,36.2,36.2,36.2,36.2,36.2,0.0
mbpp,mbpp_jsonl,Qwen/Qwen-7B-Chat,greedy,1.0,500,1,0.314,0.314,0.314,0.314,31.4,31.4,31.4,31.4,31.4,31.4,31.4,31.4,0.0
mbpp,mbpp_jsonl,Qwen/Qwen-7B-Chat,pless_norm,0.6,500,10,0.344,0.3662,0.3726,0.376,37.6,36.4,35.2,32.8,37.6,0.6,0.0,0.0,0.0187
mbpp,mbpp_jsonl,Qwen/Qwen-7B-Chat,pless_norm,0.7,500,10,0.3406,0.3662,0.3745,0.38,38.0,36.4,34.6,32.2,38.0,1.0,0.2,0.0,0.0245
mbpp,mbpp_jsonl,Qwen/Qwen-7B-Chat,pless_norm,1.0,500,10,0.3446,0.3863,0.3993,0.408,40.8,38.6,35.2,31.8,40.8,3.2,0.4,0.0,0.0424
mbpp,mbpp_jsonl,Qwen/Qwen-7B-Chat,pless,0.6,500,10,0.3402,0.3574,0.3636,0.37,37.0,35.4,34.6,32.8,37.0,0.4,0.0,0.0,0.0184
mbpp,mbpp_jsonl,Qwen/Qwen-7B-Chat,pless,0.7,500,10,0.3392,0.3659,0.3739,0.378,37.8,36.8,34.8,31.8,37.8,0.6,0.0,0.0,0.0292
mbpp,mbpp_jsonl,Qwen/Qwen-7B-Chat,pless,1.0,500,10,0.3438,0.383,0.3961,0.406,40.6,38.4,34.6,32.6,40.6,2.2,0.0,0.0,0.0461
mbpp,mbpp_jsonl,Qwen/Qwen-7B-Chat,temp,0.2,500,10,0.3058,0.3654,0.3908,0.422,42.2,34.8,30.8,27.2,42.2,4.4,0.6,0.0,0.0851
mbpp,mbpp_jsonl,Qwen/Qwen-7B-Chat,temp,0.7,500,10,0.2868,0.4003,0.4471,0.504,50.4,36.8,29.2,22.8,50.4,15.8,5.4,1.0,0.2313
mbpp,mbpp_jsonl,Qwen/Qwen-7B-Chat,top_k,1.0,500,10,0.2472,0.3688,0.4242,0.5,50.0,32.8,23.6,19.0,49.4,20.2,5.4,2.0,0.3294
mbpp,mbpp_jsonl,Qwen/Qwen-7B-Chat,top_p,1.0,500,10,0.2846,0.4008,0.4534,0.52,52.0,37.2,27.6,22.0,52.0,16.2,3.6,0.8,0.2416
mbpp,mbpp_jsonl,Qwen/Qwen-7B-Chat,top_p,1.0,500,10,0.2708,0.3868,0.4367,0.506,50.6,35.2,28.0,20.4,50.4,16.8,4.0,0.6,0.2474
mbpp,mbpp_jsonl,Qwen/Qwen2.5-Coder-1.5B,beam4,1.0,500,1,0.544,0.544,0.544,0.544,54.4,54.4,54.4,54.4,53.6,53.6,53.6,53.6,0.0
mbpp,mbpp_jsonl,Qwen/Qwen2.5-Coder-1.5B,beam8,1.0,500,1,0.538,0.538,0.538,0.538,53.8,53.8,53.8,53.8,50.6,50.6,50.6,50.6,0.0
mbpp,mbpp_jsonl,Qwen/Qwen2.5-Coder-1.5B,greedy,1.0,500,1,0.544,0.544,0.544,0.544,54.4,54.4,54.4,54.4,54.4,54.4,54.4,54.4,0.0
mbpp,mbpp_jsonl,Qwen/Qwen2.5-Coder-1.5B,pless,0.6,500,10,0.531,0.5774,0.5925,0.608,60.8,57.4,53.8,51.0,60.8,10.4,1.4,0.0,0.1007
mbpp,mbpp_jsonl,Qwen/Qwen2.5-Coder-1.5B,pless,0.7,500,10,0.5302,0.5861,0.6047,0.622,62.2,57.8,53.8,50.2,62.2,13.2,2.8,0.6,0.1264
mbpp,mbpp_jsonl,Qwen/Qwen2.5-Coder-1.5B,pless,1.0,500,10,0.5128,0.6124,0.6474,0.688,68.8,60.2,52.6,47.2,68.6,35.4,15.8,4.0,0.2607
mbpp,mbpp_jsonl,Qwen/Qwen2.5-Coder-1.5B,pless_norm,0.6,500,10,0.5282,0.5804,0.598,0.614,61.4,57.8,53.4,49.8,61.4,11.4,1.4,0.0,0.107
mbpp,mbpp_jsonl,Qwen/Qwen2.5-Coder-1.5B,pless_norm,0.7,500,10,0.5286,0.5831,0.5995,0.616,61.6,57.8,54.6,50.4,61.6,14.6,3.4,0.2,0.13
mbpp,mbpp_jsonl,Qwen/Qwen2.5-Coder-1.5B,pless_norm,1.0,500,10,0.5194,0.6143,0.6452,0.678,67.8,60.2,54.4,48.4,67.8,34.2,15.4,4.2,0.2631
mbpp,mbpp_jsonl,Qwen/Qwen2.5-Coder-1.5B,temp,0.7,500,10,0.3808,0.5802,0.647,0.71,71.0,56.0,41.4,29.0,71.0,53.8,36.0,16.2,0.5274
mbpp,mbpp_jsonl,Qwen/Qwen2.5-Coder-1.5B,top_p,0.2,500,10,0.5246,0.6121,0.644,0.686,68.6,59.4,54.8,48.8,68.4,31.4,10.8,2.6,0.1993
mbpp,mbpp_jsonl,Qwen/Qwen2.5-Coder-1.5B,top_p,1.0,500,10,0.327,0.5342,0.6141,0.702,70.2,49.2,34.2,20.4,70.2,48.6,32.0,15.6,0.6203
mbpp,mbpp_jsonl,Qwen/Qwen2.5-Coder-3B,beam4,1.0,500,1,0.61,0.61,0.61,0.61,61.0,61.0,61.0,61.0,60.4,60.4,60.4,60.4,0.0
mbpp,mbpp_jsonl,Qwen/Qwen2.5-Coder-3B,beam8,1.0,500,1,0.592,0.592,0.592,0.592,59.2,59.2,59.2,59.2,56.0,56.0,56.0,56.0,0.0
mbpp,mbpp_jsonl,Qwen/Qwen2.5-Coder-3B,greedy,1.0,500,1,0.602,0.602,0.602,0.602,60.2,60.2,60.2,60.2,59.8,59.8,59.8,59.8,0.0
mbpp,mbpp_jsonl,Qwen/Qwen2.5-Coder-3B,pless,0.6,500,10,0.5932,0.634,0.6475,0.662,66.2,63.4,60.0,57.2,65.4,11.6,1.8,0.0,0.0968
mbpp,mbpp_jsonl,Qwen/Qwen2.5-Coder-3B,pless,0.7,500,10,0.5858,0.6453,0.6623,0.674,67.4,64.4,60.0,55.4,67.2,17.4,3.4,0.4,0.1318
mbpp,mbpp_jsonl,Qwen/Qwen2.5-Coder-3B,pless,1.0,500,10,0.5654,0.6638,0.6936,0.722,72.2,65.8,59.4,51.6,72.2,36.6,12.2,3.8,0.2578
mbpp,mbpp_jsonl,Qwen/Qwen2.5-Coder-3B,pless_norm,0.6,500,10,0.594,0.6373,0.6516,0.666,66.6,63.4,60.0,57.2,66.2,10.8,2.2,0.2,0.0957
mbpp,mbpp_jsonl,Qwen/Qwen2.5-Coder-3B,pless_norm,0.7,500,10,0.5904,0.6502,0.6666,0.68,68.0,65.0,61.2,55.2,67.8,16.6,4.6,0.6,0.1365
mbpp,mbpp_jsonl,Qwen/Qwen2.5-Coder-3B,pless_norm,1.0,500,10,0.5762,0.6689,0.6979,0.724,72.4,66.8,59.4,53.4,72.2,37.4,13.2,3.0,0.2497
mbpp,mbpp_jsonl,Qwen/Qwen2.5-Coder-3B,temp,0.7,500,10,0.4262,0.6388,0.7061,0.776,77.6,61.6,48.2,34.2,77.4,59.2,40.2,17.0,0.5365
mbpp,mbpp_jsonl,Qwen/Qwen2.5-Coder-3B,top_p,0.2,500,10,0.582,0.6665,0.6916,0.716,71.6,65.6,61.8,54.4,71.6,30.8,9.6,2.2,0.1832
mbpp,mbpp_jsonl,Qwen/Qwen2.5-Coder-3B,top_p,1.0,500,10,0.3472,0.5843,0.6732,0.77,77.0,53.6,37.4,20.6,76.8,52.4,33.2,13.8,0.5886
mbpp,mbpp_jsonl,codellama/CodeLlama-7b-Instruct-hf,beam4,1.0,500,1,0.44,0.44,0.44,0.44,44.0,44.0,44.0,44.0,0.2,0.2,0.2,0.2,0.0
mbpp,mbpp_jsonl,codellama/CodeLlama-7b-Instruct-hf,beam8,1.0,500,1,0.434,0.434,0.434,0.434,43.4,43.4,43.4,43.4,0.0,0.0,0.0,0.0,0.0
mbpp,mbpp_jsonl,codellama/CodeLlama-7b-Instruct-hf,greedy,1.0,500,1,0.422,0.422,0.422,0.422,42.2,42.2,42.2,42.2,0.0,0.0,0.0,0.0,0.0
mbpp,mbpp_jsonl,codellama/CodeLlama-7b-Instruct-hf,pless_norm,0.6,500,10,0.4106,0.4175,0.4205,0.422,42.2,41.8,40.8,40.6,0.0,0.0,0.0,0.0,0.0
mbpp,mbpp_jsonl,codellama/CodeLlama-7b-Instruct-hf,pless_norm,0.7,500,10,0.421,0.4279,0.4296,0.43,43.0,43.0,42.4,41.4,0.0,0.0,0.0,0.0,0.0
mbpp,mbpp_jsonl,codellama/CodeLlama-7b-Instruct-hf,pless_norm,1.0,500,10,0.4144,0.4309,0.4354,0.438,43.8,43.2,42.0,40.4,0.2,0.0,0.0,0.0,0.0
mbpp,mbpp_jsonl,codellama/CodeLlama-7b-Instruct-hf,pless,0.6,500,10,0.4122,0.4175,0.4198,0.422,42.2,41.6,41.2,41.0,0.0,0.0,0.0,0.0,0.0
mbpp,mbpp_jsonl,codellama/CodeLlama-7b-Instruct-hf,pless,0.7,500,10,0.4216,0.4281,0.4295,0.43,43.0,42.8,42.6,41.4,0.0,0.0,0.0,0.0,0.0
mbpp,mbpp_jsonl,codellama/CodeLlama-7b-Instruct-hf,pless,1.0,500,10,0.4164,0.4335,0.438,0.442,44.2,43.4,42.4,40.2,0.2,0.0,0.0,0.0,0.0
mbpp,mbpp_jsonl,codellama/CodeLlama-7b-Instruct-hf,temp,0.3,500,10,0.4136,0.4571,0.4753,0.502,50.2,43.6,42.4,39.8,3.6,0.0,0.0,0.0,0.0039
mbpp,mbpp_jsonl,codellama/CodeLlama-7b-Instruct-hf,temp,0.7,500,10,0.383,0.4821,0.5158,0.552,55.2,47.4,39.4,34.4,22.2,0.0,0.0,0.0,0.0106
mbpp,mbpp_jsonl,codellama/CodeLlama-7b-Instruct-hf,top_k,1.0,500,10,0.3656,0.4974,0.5431,0.596,59.6,47.4,39.4,32.2,37.6,1.6,0.2,0.0,0.0651
mbpp,mbpp_jsonl,codellama/CodeLlama-7b-Instruct-hf,top_p,1.0,500,10,0.394,0.4875,0.5216,0.56,56.0,47.0,40.8,34.6,14.6,0.2,0.0,0.0,0.0237
mbpp,mbpp_jsonl,codellama/CodeLlama-7b-Instruct-hf,top_p,1.0,500,10,0.3826,0.4944,0.5372,0.59,59.0,46.0,39.8,33.8,32.0,1.0,0.0,0.0,0.0391
mbpp,mbpp_jsonl,codellama/CodeLlama-7b-hf,beam4,1.0,500,1,0.464,0.464,0.464,0.464,46.4,46.4,46.4,46.4,46.2,46.2,46.2,46.2,0.0
mbpp,mbpp_jsonl,codellama/CodeLlama-7b-hf,beam8,1.0,500,1,0.466,0.466,0.466,0.466,46.6,46.6,46.6,46.6,46.4,46.4,46.4,46.4,0.0
mbpp,mbpp_jsonl,codellama/CodeLlama-7b-hf,greedy,1.0,500,1,0.41,0.41,0.41,0.41,41.0,41.0,41.0,41.0,41.0,41.0,41.0,41.0,0.0
mbpp,mbpp_jsonl,codellama/CodeLlama-7b-hf,pless_norm,0.6,500,10,0.4172,0.4632,0.4793,0.49,49.0,45.8,41.8,38.8,49.0,4.8,0.4,0.0,0.0892
mbpp,mbpp_jsonl,codellama/CodeLlama-7b-hf,pless_norm,0.7,500,10,0.4146,0.4724,0.4938,0.512,51.2,47.0,41.8,37.2,51.2,8.4,0.8,0.0,0.1141
mbpp,mbpp_jsonl,codellama/CodeLlama-7b-hf,pless_norm,1.0,500,10,0.4152,0.5038,0.5375,0.574,57.4,49.0,42.0,37.6,57.4,21.4,6.0,0.8,0.2247
mbpp,mbpp_jsonl,codellama/CodeLlama-7b-hf,pless,0.6,500,10,0.417,0.4651,0.4816,0.494,49.4,46.4,41.8,39.2,49.4,4.6,0.4,0.0,0.0815
mbpp,mbpp_jsonl,codellama/CodeLlama-7b-hf,pless,0.7,500,10,0.4104,0.4685,0.4906,0.512,51.2,46.2,41.0,37.2,51.2,8.6,1.0,0.2,0.1096
mbpp,mbpp_jsonl,codellama/CodeLlama-7b-hf,pless,1.0,500,10,0.4142,0.5033,0.5356,0.572,57.2,48.8,42.2,36.8,57.2,22.4,4.8,1.6,0.2306
mbpp,mbpp_jsonl,codellama/CodeLlama-7b-hf,temp,0.6,500,10,0.3792,0.5284,0.588,0.658,65.8,49.2,39.2,30.2,65.8,44.4,23.4,9.0,0.3928
mbpp,mbpp_jsonl,codellama/CodeLlama-7b-hf,temp,0.7,500,10,0.3684,0.529,0.5886,0.652,65.2,48.8,39.4,29.0,65.2,45.6,26.2,8.4,0.436
mbpp,mbpp_jsonl,codellama/CodeLlama-7b-hf,top_k,1.0,500,10,0.3112,0.4914,0.5634,0.648,64.8,44.6,32.8,22.4,64.8,43.2,25.4,9.6,0.5055
mbpp,mbpp_jsonl,codellama/CodeLlama-7b-hf,top_p,1.0,500,10,0.3836,0.5423,0.6041,0.674,67.4,51.0,38.8,30.4,67.4,46.0,28.2,12.6,0.4544
mbpp,mbpp_jsonl,codellama/CodeLlama-7b-hf,top_p,1.0,500,10,0.3456,0.5214,0.5948,0.682,68.2,47.6,35.0,25.6,68.2,45.0,28.8,13.8,0.4987
mbpp,mbpp_jsonl,m-a-p/OpenCodeInterpreter-DS-1.3B,beam4,1.0,500,1,0.464,0.464,0.464,0.464,46.4,46.4,46.4,46.4,46.4,46.4,46.4,46.4,0.0
mbpp,mbpp_jsonl,m-a-p/OpenCodeInterpreter-DS-1.3B,beam8,1.0,500,1,0.454,0.454,0.454,0.454,45.4,45.4,45.4,45.4,45.4,45.4,45.4,45.4,0.0
mbpp,mbpp_jsonl,m-a-p/OpenCodeInterpreter-DS-1.3B,greedy,1.0,500,1,0.442,0.442,0.442,0.442,44.2,44.2,44.2,44.2,44.2,44.2,44.2,44.2,0.0
mbpp,mbpp_jsonl,m-a-p/OpenCodeInterpreter-DS-1.3B,pless,0.6,500,10,0.4388,0.4712,0.4823,0.49,49.0,47.0,44.2,41.8,49.0,4.0,1.0,0.0,0.0482
mbpp,mbpp_jsonl,m-a-p/OpenCodeInterpreter-DS-1.3B,pless,0.7,500,10,0.449,0.4838,0.496,0.506,50.6,48.0,45.4,42.6,50.6,3.0,0.2,0.0,0.046
mbpp,mbpp_jsonl,m-a-p/OpenCodeInterpreter-DS-1.3B,pless,1.0,500,10,0.4412,0.4821,0.4973,0.512,51.2,47.2,45.0,41.0,51.2,6.2,1.0,0.0,0.072
mbpp,mbpp_jsonl,m-a-p/OpenCodeInterpreter-DS-1.3B,pless_norm,0.6,500,10,0.4392,0.4729,0.4843,0.494,49.4,47.0,44.4,41.6,49.4,4.2,0.6,0.2,0.0519
mbpp,mbpp_jsonl,m-a-p/OpenCodeInterpreter-DS-1.3B,pless_norm,0.7,500,10,0.4486,0.4827,0.4941,0.502,50.2,48.6,45.4,43.0,50.2,3.6,0.0,0.0,0.0494
mbpp,mbpp_jsonl,m-a-p/OpenCodeInterpreter-DS-1.3B,pless_norm,1.0,500,10,0.4464,0.4857,0.4981,0.51,51.0,48.4,45.6,42.8,51.0,6.2,1.0,0.2,0.0722
mbpp,mbpp_jsonl,m-a-p/OpenCodeInterpreter-DS-1.3B,temp,0.7,500,10,0.4306,0.5398,0.5798,0.624,62.4,51.4,44.0,38.0,62.4,33.6,13.8,4.8,0.2751
mbpp,mbpp_jsonl,m-a-p/OpenCodeInterpreter-DS-1.3B,top_p,0.2,500,10,0.4452,0.4875,0.5014,0.518,51.8,47.8,46.0,42.4,51.8,7.8,1.4,0.0,0.0849
mbpp,mbpp_jsonl,m-a-p/OpenCodeInterpreter-DS-1.3B,top_p,1.0,500,10,0.4278,0.5455,0.5875,0.64,64.0,52.4,45.2,37.2,64.0,39.8,16.2,4.2,0.3115
mbpp,mbpp_jsonl,meta-llama/Llama-2-7b-chat-hf,beam4,1.0,500,1,0.224,0.224,0.224,0.224,22.4,22.4,22.4,22.4,22.4,22.4,22.4,22.4,0.0
mbpp,mbpp_jsonl,meta-llama/Llama-2-7b-chat-hf,beam8,1.0,500,1,0.224,0.224,0.224,0.224,22.4,22.4,22.4,22.4,22.4,22.4,22.4,22.4,0.0
mbpp,mbpp_jsonl,meta-llama/Llama-2-7b-chat-hf,greedy,1.0,500,1,0.206,0.206,0.206,0.206,20.6,20.6,20.6,20.6,20.6,20.6,20.6,20.6,0.0
mbpp,mbpp_jsonl,meta-llama/Llama-2-7b-chat-hf,pless_norm,0.6,500,10,0.2042,0.2106,0.2129,0.214,21.4,21.0,20.2,20.0,21.4,0.0,0.0,0.0,0.0041
mbpp,mbpp_jsonl,meta-llama/Llama-2-7b-chat-hf,pless_norm,0.7,500,10,0.205,0.2128,0.2148,0.216,21.6,21.4,20.6,19.6,21.6,0.0,0.0,0.0,0.0061
mbpp,mbpp_jsonl,meta-llama/Llama-2-7b-chat-hf,pless_norm,1.0,500,10,0.202,0.2151,0.2196,0.222,22.2,21.4,20.0,19.4,22.2,0.0,0.0,0.0,0.0247
mbpp,mbpp_jsonl,meta-llama/Llama-2-7b-chat-hf,pless,0.6,500,10,0.205,0.2116,0.2134,0.214,21.4,21.4,20.6,20.2,21.4,0.0,0.0,0.0,0.0018
mbpp,mbpp_jsonl,meta-llama/Llama-2-7b-chat-hf,pless,0.7,500,10,0.2056,0.2129,0.2147,0.216,21.6,21.4,20.6,20.2,21.6,0.0,0.0,0.0,0.0083
mbpp,mbpp_jsonl,meta-llama/Llama-2-7b-chat-hf,pless,1.0,500,10,0.201,0.2139,0.2189,0.224,22.4,21.6,20.2,19.2,22.4,0.0,0.0,0.0,0.0194
mbpp,mbpp_jsonl,meta-llama/Llama-2-7b-chat-hf,temp,0.3,500,10,0.1952,0.236,0.251,0.27,27.0,22.4,20.4,17.0,27.0,3.0,0.0,0.0,0.0644
mbpp,mbpp_jsonl,meta-llama/Llama-2-7b-chat-hf,temp,0.7,500,10,0.178,0.2433,0.2711,0.302,30.2,22.8,17.4,15.0,30.2,7.2,0.4,0.0,0.1418
mbpp,mbpp_jsonl,meta-llama/Llama-2-7b-chat-hf,top_k,1.0,500,10,0.173,0.2568,0.2932,0.342,34.2,23.6,16.8,12.8,34.2,10.0,2.0,0.4,0.208
mbpp,mbpp_jsonl,meta-llama/Llama-2-7b-chat-hf,top_p,1.0,500,10,0.1848,0.2498,0.2733,0.302,30.2,23.8,19.8,14.8,30.2,6.8,0.6,0.0,0.148
mbpp,mbpp_jsonl,meta-llama/Llama-2-7b-chat-hf,top_p,1.0,500,10,0.1802,0.2554,0.2902,0.336,33.6,23.0,17.8,14.0,33.6,9.4,1.4,0.0,0.1719
mbpp,mbpp_jsonl,meta-llama/Llama-2-7b-hf,beam4,1.0,500,1,0.252,0.252,0.252,0.252,25.2,25.2,25.2,25.2,25.0,25.0,25.0,25.0,0.0
mbpp,mbpp_jsonl,meta-llama/Llama-2-7b-hf,beam8,1.0,500,1,0.246,0.246,0.246,0.246,24.6,24.6,24.6,24.6,24.2,24.2,24.2,24.2,0.0
mbpp,mbpp_jsonl,meta-llama/Llama-2-7b-hf,greedy,1.0,500,1,0.23,0.23,0.23,0.23,23.0,23.0,23.0,23.0,22.8,22.8,22.8,22.8,0.0
mbpp,mbpp_jsonl,meta-llama/Llama-2-7b-hf,pless,0.6,500,10,0.2194,0.251,0.2625,0.274,27.4,25.0,22.2,20.0,27.4,2.6,0.4,0.0,0.077
mbpp,mbpp_jsonl,meta-llama/Llama-2-7b-hf,pless_norm,0.6,500,10,0.222,0.2525,0.263,0.272,27.2,25.0,22.6,20.4,27.2,3.2,0.4,0.0,0.0847
mbpp,mbpp_jsonl,meta-llama/Llama-2-7b-hf,pless_norm,0.6,500,10,0.2258,0.2658,0.2811,0.3,30.0,25.0,23.8,20.0,29.6,3.0,0.2,0.0,0.0725
mbpp,mbpp_jsonl,meta-llama/Llama-2-7b-hf,pless_norm,0.7,500,10,0.2246,0.2711,0.288,0.304,30.4,27.0,22.8,19.4,30.2,3.2,0.4,0.0,0.0822
mbpp,mbpp_jsonl,meta-llama/Llama-2-7b-hf,pless_norm,1.0,500,10,0.2178,0.2976,0.3306,0.372,37.2,27.8,23.0,18.0,37.0,7.0,1.2,0.2,0.1592
mbpp,mbpp_jsonl,meta-llama/Llama-2-7b-hf,pless,0.6,500,10,0.1376,0.2065,0.2399,0.278,27.8,18.6,12.8,8.8,25.6,3.0,0.4,0.0,0.1658
mbpp,mbpp_jsonl,meta-llama/Llama-2-7b-hf,pless,0.6,500,10,0.2254,0.2639,0.2777,0.292,29.2,26.2,23.2,20.6,29.0,2.6,0.2,0.0,0.0671
mbpp,mbpp_jsonl,meta-llama/Llama-2-7b-hf,pless,0.7,500,10,0.23,0.2775,0.2944,0.312,31.2,26.8,23.8,21.0,30.8,3.4,0.4,0.0,0.074
mbpp,mbpp_jsonl,meta-llama/Llama-2-7b-hf,pless,1.0,500,10,0.2236,0.3047,0.336,0.37,37.0,29.4,22.6,17.2,36.8,9.2,1.0,0.0,0.1677
mbpp,mbpp_jsonl,meta-llama/Llama-2-7b-hf,temp,0.7,500,10,0.0404,0.1058,0.156,0.242,24.2,4.0,0.2,0.0,17.2,1.6,0.0,0.0,0.2837
mbpp,mbpp_jsonl,meta-llama/Llama-2-7b-hf,temp,0.3,500,10,0.217,0.3022,0.3378,0.384,38.4,28.2,21.6,17.6,38.4,15.2,3.8,0.4,0.2035
mbpp,mbpp_jsonl,meta-llama/Llama-2-7b-hf,temp,0.7,500,10,0.1714,0.2975,0.3597,0.446,44.6,24.8,15.8,9.6,44.6,21.2,8.2,1.4,0.3968
mbpp,mbpp_jsonl,meta-llama/Llama-2-7b-hf,top_k,1.0,500,10,0.1254,0.2432,0.3068,0.4,40.0,19.2,10.4,4.6,40.0,16.8,5.6,1.2,0.4585
mbpp,mbpp_jsonl,meta-llama/Llama-2-7b-hf,top_p,1.0,500,10,0.1752,0.3019,0.3656,0.452,45.2,25.0,15.8,9.6,45.2,22.4,8.2,1.2,0.4309
mbpp,mbpp_jsonl,meta-llama/Llama-2-7b-hf,top_p,1.0,500,10,0.1404,0.2587,0.3196,0.394,39.4,21.0,11.4,6.4,39.4,17.6,5.8,1.6,0.4287
humaneval,he_full_json,Qwen--Qwen2.5-Coder-7B-Instruct,greedy,0.0,164,10,0.8415,0.8415,0.8415,0.8415,84.15,84.15,84.15,84.15,84.15,0.0,0.0,0.0,0.0
humaneval,he_full_json,Qwen--Qwen2.5-Coder-7B-Instruct,temp_0.2,0.2,164,10,0.8366,0.8871,0.8993,0.9085,90.85,89.02,84.76,82.93,90.85,43.29,15.24,4.27,0.1595
humaneval,he_full_json,Qwen--Qwen2.5-Coder-7B-Instruct,temp_0.7,0.7,164,10,0.7921,0.9029,0.9293,0.9512,95.12,89.63,84.15,76.83,94.51,84.15,64.02,35.37,0.3862
humaneval,he_full_json,Qwen--Qwen2.5-Coder-7B-Instruct,top_p_0.95,1.0,164,10,0.8012,0.9049,0.9334,0.9573,95.73,89.63,82.32,79.27,94.51,79.88,55.49,31.1,0.4023
humaneval,he_full_json,Qwen--Qwen2.5-Coder-7B-Instruct,p_less,1.0,164,10,0.8335,0.8833,0.8934,0.9024,90.24,88.41,86.59,82.93,90.24,32.32,7.93,1.22,0.1488
humaneval,he_full_json,Qwen--Qwen2.5-Coder-7B-Instruct,p_less_norm,1.0,164,10,0.7567,0.9022,0.9346,0.9512,95.12,91.46,79.88,70.73,95.12,84.76,62.2,34.76,0.4
humaneval,he_full_json,Qwen--Qwen3-Coder-30B-A3B-Instruct,greedy,0.0,164,10,0.7561,0.7561,0.7561,0.7561,75.61,75.61,75.61,75.61,75.61,0.0,0.0,0.0,0.0
humaneval,he_full_json,Qwen--Qwen3-Coder-30B-A3B-Instruct,temp_0.2,0.2,164,10,0.7652,0.8002,0.8152,0.8354,83.54,78.66,76.83,74.39,82.93,12.8,4.27,0.61,0.045
humaneval,he_full_json,Qwen--Qwen3-Coder-30B-A3B-Instruct,temp_0.7,0.7,164,10,0.775,0.8326,0.8511,0.872,87.2,82.32,79.27,73.78,86.59,31.1,12.8,4.88,0.1156
humaneval,he_full_json,Qwen--Qwen3-Coder-30B-A3B-Instruct,top_p_0.95,1.0,164,10,0.7659,0.8,0.8145,0.8232,82.32,79.27,76.22,74.39,81.71,8.54,1.22,0.61,0.033
humaneval,he_full_json,Qwen--Qwen3-Coder-30B-A3B-Instruct,p_less,1.0,164,10,0.7604,0.7755,0.779,0.7805,78.05,77.44,76.83,74.39,78.05,2.44,0.61,0.0,0.0145
humaneval,he_full_json,Qwen--Qwen3-Coder-30B-A3B-Instruct,p_less_norm,1.0,164,10,0.7573,0.7713,0.776,0.7805,78.05,76.83,76.83,74.39,78.05,2.44,1.22,0.0,0.0132
humaneval,he_full_json,codellama--CodeLlama-7b-Instruct-hf,greedy,0.0,164,10,0.3598,0.3598,0.3598,0.3598,35.98,35.98,35.98,35.98,35.98,0.0,0.0,0.0,0.0
humaneval,he_full_json,codellama--CodeLlama-7b-Instruct-hf,temp_0.2,0.2,164,10,0.3659,0.4161,0.4369,0.4695,46.95,39.63,38.41,33.54,46.95,14.02,6.71,1.22,0.1053
humaneval,he_full_json,codellama--CodeLlama-7b-Instruct-hf,temp_0.7,0.7,164,10,0.3634,0.496,0.5566,0.6341,63.41,45.12,35.37,27.44,62.8,31.71,12.8,3.05,0.2493
humaneval,he_full_json,codellama--CodeLlama-7b-Instruct-hf,top_p_0.95,1.0,164,10,0.3579,0.4795,0.5401,0.622,62.2,42.68,34.76,28.66,62.2,18.29,6.1,0.61,0.1918
humaneval,he_full_json,codellama--CodeLlama-7b-Instruct-hf,p_less,1.0,164,10,0.3549,0.3723,0.3749,0.378,37.8,37.2,36.59,35.98,37.8,3.66,0.0,0.0,0.0635
humaneval,he_full_json,codellama--CodeLlama-7b-Instruct-hf,p_less_norm,1.0,164,10,0.3512,0.3733,0.3799,0.3841,38.41,36.59,35.98,32.93,38.41,4.27,0.0,0.0,0.0735
humaneval,he_full_json,mistralai--Codestral-22B-v0.1,greedy,0.0,164,10,0.7561,0.7561,0.7561,0.7561,75.61,75.61,75.61,75.61,75.61,0.0,0.0,0.0,0.0
humaneval,he_full_json,mistralai--Codestral-22B-v0.1,temp_0.2,0.2,164,10,0.7707,0.8313,0.8498,0.8659,86.59,82.32,78.05,75.0,86.59,47.56,18.9,4.27,0.1949
humaneval,he_full_json,mistralai--Codestral-22B-v0.1,temp_0.7,0.7,164,10,0.7299,0.8521,0.8799,0.9085,90.85,84.76,79.27,68.9,90.85,78.05,59.76,34.76,0.4018
humaneval,he_full_json,mistralai--Codestral-22B-v0.1,top_p_0.95,1.0,164,10,0.7323,0.8559,0.8868,0.9146,91.46,85.37,79.88,68.29,91.46,76.22,57.32,28.05,0.399
humaneval,he_full_json,mistralai--Codestral-22B-v0.1,p_less,1.0,164,10,0.7799,0.824,0.8382,0.8476,84.76,82.32,77.44,76.83,84.76,32.93,9.15,0.61,0.1634
humaneval,he_full_json,mistralai--Codestral-22B-v0.1,p_less_norm,1.0,164,10,0.7768,0.8229,0.8368,0.8476,84.76,82.32,79.27,75.0,84.76,35.37,7.93,1.22,0.1703
humaneval,he_full_jsonl,Qwen/Qwen2.5-Coder-7B-Instruct,pless_norm,0.6,164,10,0.875,0.8789,0.881,0.8841,88.41,87.8,87.2,87.2,88.41,1.22,0.0,0.0,0.0079
humaneval,he_full_jsonl,Qwen/Qwen2.5-Coder-7B-Instruct,pless,0.6,164,10,0.875,0.8775,0.878,0.878,87.8,87.8,87.8,87.2,87.8,0.61,0.0,0.0,0.0074
humaneval,he_full_jsonl,Qwen/Qwen2.5-Coder-7B-Instruct,top_p0.9,1.0,164,10,0.8244,0.8897,0.9075,0.9268,92.68,87.8,85.37,81.71,92.68,55.49,32.93,15.24,0.2156
humaneval,he_full_jsonl,Qwen/Qwen3-Coder-30B-A3B-Instruct,pless_norm,0.6,164,10,0.7854,0.7917,0.7951,0.7988,79.88,79.27,78.05,78.05,79.88,0.61,0.0,0.0,0.0096
humaneval,he_full_jsonl,Qwen/Qwen3-Coder-30B-A3B-Instruct,pless,0.6,164,10,0.789,0.7963,0.7982,0.7988,79.88,79.88,79.27,78.05,79.88,0.61,0.0,0.0,0.0088
humaneval,he_full_jsonl,Qwen/Qwen3-Coder-30B-A3B-Instruct,top_p0.9,1.0,164,10,0.7817,0.8005,0.806,0.811,81.1,79.88,79.27,77.44,81.1,18.9,3.66,1.83,0.0863
humaneval,he_full_jsonl,codellama/CodeLlama-7b-Instruct-hf,pless_norm,0.6,164,10,0.2805,0.3071,0.315,0.3171,31.71,31.71,28.05,26.22,8.54,0.0,0.0,0.0,0.0
humaneval,he_full_jsonl,codellama/CodeLlama-7b-Instruct-hf,pless,0.6,164,10,0.2811,0.3058,0.3135,0.3171,31.71,30.49,28.66,26.22,8.54,0.0,0.0,0.0,0.0
humaneval,he_full_jsonl,codellama/CodeLlama-7b-Instruct-hf,top_p0.9,1.0,164,10,0.2573,0.3907,0.4474,0.5122,51.22,34.15,26.83,18.29,34.15,4.88,0.0,0.0,0.1021
humaneval,he_full_jsonl,mistralai/Codestral-22B-v0.1,pless_norm,0.6,164,10,0.7494,0.7819,0.7899,0.7927,79.27,78.66,76.22,73.17,79.27,11.59,0.0,0.0,0.0678
humaneval,he_full_jsonl,mistralai/Codestral-22B-v0.1,pless,0.6,164,10,0.7512,0.781,0.7858,0.7866,78.66,78.66,76.83,72.56,78.66,9.76,0.61,0.0,0.0631
humaneval,he_full_jsonl,mistralai/Codestral-22B-v0.1,top_p0.9,1.0,164,10,0.6689,0.8454,0.8862,0.9207,92.07,82.93,74.39,65.24,92.07,80.49,64.63,36.59,0.4632
humaneval,he_temp_jsonl,Qwen/Qwen2.5-Coder-7B,pless_norm,0.7,164,10,0.5774,0.6615,0.6815,0.6951,69.51,65.85,62.2,53.66,41.46,11.59,3.66,0.0,0.0778
humaneval,he_temp_jsonl,Qwen/Qwen2.5-Coder-7B,pless_norm,1.0,164,10,0.5634,0.6924,0.7275,0.7622,76.22,68.9,61.59,50.61,57.32,28.05,8.54,2.44,0.2181
humaneval,he_temp_jsonl,Qwen/Qwen2.5-Coder-7B,pless_norm,1.5,164,10,0.5305,0.7392,0.8021,0.8598,85.98,71.34,58.54,42.68,73.78,38.41,18.29,7.32,0.3827
humaneval,he_temp_jsonl,Qwen/Qwen2.5-Coder-7B,pless_norm,2.0,164,10,0.3707,0.6324,0.7326,0.8232,82.32,61.59,37.8,18.9,75.0,32.93,14.02,6.71,0.5526
humaneval,he_temp_jsonl,Qwen/Qwen2.5-Coder-7B,pless_norm,2.5,164,10,0.0189,0.0474,0.0679,0.1037,10.37,2.44,0.61,0.0,1.22,0.0,0.0,0.0,0.0
humaneval,he_temp_jsonl,Qwen/Qwen2.5-Coder-7B,pless_norm,3.0,164,10,0.0,0.0,0.0,0.0,0.0,0.0,0.0,0.0,0.0,0.0,0.0,0.0,0.0
humaneval,he_temp_jsonl,Qwen/Qwen2.5-Coder-7B,pless,0.7,164,10,0.5628,0.6494,0.6783,0.7012,70.12,63.41,57.93,52.44,38.41,12.8,4.27,0.61,0.097
humaneval,he_temp_jsonl,Qwen/Qwen2.5-Coder-7B,pless,1.0,164,10,0.5591,0.6897,0.7289,0.7622,76.22,66.46,59.76,49.39,56.1,23.17,9.76,2.44,0.1725
humaneval,he_temp_jsonl,Qwen/Qwen2.5-Coder-7B,pless,1.5,164,10,0.5091,0.7178,0.7749,0.8171,81.71,73.17,56.1,37.2,68.29,41.46,17.68,7.32,0.4234
humaneval,he_temp_jsonl,Qwen/Qwen2.5-Coder-7B,pless,2.0,164,10,0.364,0.6277,0.734,0.8354,83.54,58.54,35.98,20.73,73.17,39.63,15.85,7.93,0.5651
humaneval,he_temp_jsonl,Qwen/Qwen2.5-Coder-7B,pless,2.5,164,10,0.0177,0.0447,0.0654,0.0976,9.76,0.61,0.61,0.0,1.83,0.0,0.0,0.0,0.0
humaneval,he_temp_jsonl,Qwen/Qwen2.5-Coder-7B,pless,3.0,164,10,0.0,0.0,0.0,0.0,0.0,0.0,0.0,0.0,0.0,0.0,0.0,0.0,0.0
humaneval,he_temp_jsonl,Qwen/Qwen2.5-Coder-7B,temp,0.7,164,10,0.497,0.7282,0.8086,0.8902,89.02,68.9,54.27,37.2,76.83,42.68,25.61,13.41,0.472
humaneval,he_temp_jsonl,Qwen/Qwen2.5-Coder-7B,temp,1.0,164,10,0.3463,0.6163,0.729,0.8537,85.37,54.88,35.37,17.68,75.0,31.71,14.63,4.88,0.4938
